date,1a. open (EUR),1b. open (USD),2a. high (EUR),2b. high (USD),3a. low (EUR),3b. low (USD),4a. close (EUR),4b. close (USD),5. volume,6. market cap (USD)
2017-08-01,275.0,324.6688083,291.8497,344.56179746,275.0,324.6688083,291.8497,344.56179746,31248.97429173,10767202.75077019
2017-08-02,291.8491,344.56108909,689.0,814.72415852,259.8,307.96695579,419.9999,497.65438842,110762.11105396,55121250.63711875
2017-08-03,419.9999,497.65438842,484.9985,574.22231115,325.0,385.65002201,341.99,406.33955772,40559.87554079,16481081.88836358
2017-08-04,340.94,405.09198751,344.5,409.37972733,229.98767016,270.07145827,250.00949248,294.36118686,37896.02813423,11155119.8188894
2017-08-05,244.02300502,287.31269628,270.06329622,317.97253623,202.797055,238.77326101,206.96010932,243.67484135,17403.84289884,4240878.65717367
2017-08-06,220.06758936,259.10758889,238.22791785,280.43309929,201.69655922,237.42973423,235.04440415,276.9352991,13837.88102687,3832197.72109278
2017-08-07,234.78651605,276.63144878,370.84105354,437.40850415,234.78651605,276.63144878,273.06752179,322.13590749,60961.20830556,19637794.15949019
2017-08-08,272.07939847,320.9702251,364.94298489,430.74689594,264.04378123,311.86076926,296.28607957,348.53618461,28397.51790177,9897562.54183211
2017-08-09,296.32572306,348.58281924,319.08028331,374.60938108,250.20606617,294.29879445,258.99823651,304.57302042,20368.14894871,6203588.64568002
2017-08-10,257.37193805,302.66054935,274.98096317,322.59804805,232.88899598,274.16445462,236.37816869,278.11912067,16273.15405938,4525875.29757509
2017-08-11,236.07979797,277.76806202,303.95635582,357.68239811,235.28174947,276.93824666,280.09574692,331.15720798,28263.33463334,9359606.98539617
2017-08-12,278.09940966,328.79693838,290.00320007,342.87079006,263.59196732,311.56338111,268.78075036,317.69647691,10598.64549965,3367152.33523236
2017-08-13,270.0401069,319.18502524,270.34060784,319.52888428,254.0419861,300.3552664,254.0419861,300.3552664,8345.32613737,2506562.65516384
2017-08-14,252.56633386,298.61059448,279.99999979,331.14684003,250.05429539,294.68456788,254.8159543,300.14294095,13387.1052953,4018045.15418665
2017-08-15,257.51424343,303.32120519,260.02743318,306.24429024,250.00548719,292.98436176,253.81791532,298.0307818,8359.36950367,2491349.42855633
2017-08-16,252.83090362,296.87184128,264.36436286,309.44056496,245.27767563,288.00595042,254.89920122,300.06215652,6925.03140562,2077939.8575369
2017-08-17,255.80629043,301.12996349,374.65219613,439.15069835,252.13707877,297.00048739,374.65219613,439.15069835,35069.00021117,15400575.93306095
2017-08-18,374.07047497,438.46883059,680.23143593,800.29204948,366.8693645,429.81187512,605.35077217,711.92276194,63546.76142447,45240385.90554956
2017-08-19,603.36267419,709.58465936,799.84530168,940.65804898,515.56018567,606.32454472,630.12685538,741.05544493,40859.53015675,30279177.29977788
2017-08-20,613.26017613,721.21952715,708.19990055,832.95096686,581.22310072,683.60690721,615.19683993,723.13058842,23932.76785367,17306516.50062431
2017-08-21,615.19843945,723.13246858,640.21369015,752.8382998,462.35276791,544.73269309,509.29996818,601.56571061,25782.1237992,15509641.62422604
2017-08-22,508.30650468,600.39226939,625.6531857,736.73429974,488.42454593,577.0420472,589.02024152,692.82153521,22922.28616344,15881053.49022856
2017-08-23,581.19749044,683.62020386,598.93698638,703.84344402,559.27432196,657.91096556,582.00198189,687.67817467,8157.5610069,5609776.66298244
2017-08-24,581.00524381,686.50045527,593.97977433,701.44322897,516.27166001,609.26283765,529.50601945,624.6834082,11323.84122126,7073815.72804878
2017-08-25,528.14407579,623.07665857,562.18387159,664.43669184,523.13542746,617.03668762,533.06767849,635.68352762,6459.22611446,4106023.64212606
2017-08-26,534.35909646,637.22354433,538.53283767,642.20073323,520.86004344,620.98077356,521.85420873,622.16603924,2794.15362207,1738427.49207042
2017-08-27,521.85418528,622.16601128,555.9279484,662.97524659,485.17105085,578.59091926,517.00725438,618.13397224,10775.63289048,6660784.76194415
2017-08-28,518.52162026,619.94454838,524.55262155,625.77557555,488.06161195,584.57563364,493.27138297,590.14695664,9317.59498912,5498750.32601212
2017-08-29,493.67922229,590.63489318,497.22724885,595.55010651,433.97126779,519.56366668,459.36998772,549.8276293,10498.98877727,5772634.10940178
2017-08-30,459.36998772,549.8276293,519.47183737,620.45750008,433.28166208,517.87189279,483.01125841,574.4116383,13638.94264953,7834367.39196762
2017-08-31,483.63572805,575.15427654,514.25573503,609.62266648,480.07060801,570.8215268,498.28614637,593.6805121,8008.37221123,4754414.51543704
2017-09-01,498.3040533,593.70184721,546.98263099,649.91329975,494.35528784,588.10722488,531.09925761,629.98482579,9067.51019218,5712393.82880094
2017-09-02,532.08205845,631.15061468,539.76194782,640.26042551,483.46595737,573.48266367,489.66362725,580.66552894,6166.09644772,3580439.65531505
2017-09-03,489.66435049,580.66638659,529.50391238,628.04401895,484.09227755,574.25284557,517.01726904,614.34923225,4579.48563252,2813403.4824465
2017-09-04,515.83908624,612.94924865,517.21075875,614.5411756,420.10899985,499.97143744,447.22888682,532.03215163,12252.02824888,6518472.95104992
2017-09-05,448.10446483,533.0737562,478.89227713,570.7662349,416.91716365,496.02938654,472.89037054,563.72710062,6348.54489438,3578846.80648185
2017-09-06,474.10976383,565.18072515,562.6881608,671.09960415,467.15901955,556.86561524,551.60221285,657.67225119,12439.40659586,8181052.53937919
2017-09-07,551.60221253,657.67225082,599.43487885,718.50046488,521.1002696,621.34569935,560.94187375,674.44812012,11344.76924656,7651458.2915598
2017-09-08,561.83677426,675.52410321,584.64560439,706.17666778,494.13357581,594.58946611,519.22930294,624.9961517,10370.56265158,6481561.7482031
2017-09-09,515.15003355,620.08593639,522.93630559,629.45826965,474.93233214,571.67590162,499.66980641,601.33802656,4910.29029607,2952744.27647929
2017-09-10,497.37845251,598.58044902,501.75701182,603.84991734,456.76610246,549.72451855,472.69106935,567.99562292,5574.91474952,3166527.17586466
2017-09-11,471.79743393,566.92181163,496.94905408,597.14166215,468.11751639,561.86077597,471.4509668,563.87046351,3495.52555916,1971023.61724316
2017-09-12,471.45095936,563.87045461,489.16043089,585.82087532,448.87864369,536.94838003,449.63962994,538.00218478,5538.44528872,2979695.66558889
2017-09-13,449.63964075,538.00219771,449.93933063,538.66306228,387.17238681,464.00681056,423.00688615,502.84929763,8541.7242161,4295200.02262675
2017-09-14,425.40022579,505.69437934,436.07040334,518.39087415,327.1634798,390.02776492,327.1634798,390.02776492,9833.80951718,3835458.74667567
2017-09-15,327.85927199,390.8572532,383.9542779,459.00381413,256.01411183,306.07881074,363.66933243,434.40320655,16928.2488469,7353685.58041966
2017-09-16,368.50927471,440.18452012,402.39637728,480.66268175,353.59280439,422.36678857,376.04014381,449.18014717,6579.02145375,2955165.82485458
2017-09-17,376.03925675,449.17908758,383.00938582,457.52403833,344.58785613,411.6103732,371.64392377,443.88326124,4114.71607762,1826453.59159308
2017-09-18,371.24512545,443.40694537,417.85539177,498.23517418,371.04585996,442.80613689,408.74501531,488.81893365,8308.1636956,4061187.71827676
2017-09-19,409.94122912,490.249488,461.97418338,554.11922311,384.00805966,460.33975677,446.21023409,535.48398156,9059.26708689,4851092.4097164
2017-09-20,444.41143324,533.32529274,444.41143324,533.32529274,400.0243003,475.01490304,400.0243003,475.01490304,5052.63302207,2400075.98508728
2017-09-21,400.82278191,475.9630721,406.31283489,482.91182578,350.55989944,418.62896996,350.86193608,419.02317964,6957.74480337,2915456.35062932
2017-09-22,352.45755215,420.92877284,368.92108351,441.59636342,335.30696773,400.74262858,348.99040102,417.04357093,4953.64618272,2065886.29315867
2017-09-23,346.13457987,413.63086431,369.97633243,442.12176147,340.8104884,407.26857437,358.22903478,428.08373937,3548.50918833,1519059.08252287
2017-09-24,360.32166176,430.58442886,363.01175115,433.79908601,350.14893599,418.42802035,354.1173972,422.17042544,1482.4332856,625839.49087032
2017-09-25,356.41081594,424.90458527,383.98459606,455.72655419,354.02026045,422.227277,379.43455783,449.75352081,3551.42616031,1597266.41950919
2017-09-26,379.43457652,449.75354296,393.57787438,463.97876421,375.34188173,442.54598416,376.20753543,443.45113522,2443.47666561,1083562.50125371
2017-09-27,377.30057087,444.73954059,397.04038332,466.29936113,373.82394774,440.27096216,388.712485,456.50321198,3529.07440098,1611033.79935275
2017-09-28,392.57312361,461.0371387,407.34758761,480.1090787,374.36951057,440.98984671,388.50883682,457.7100138,4780.91905813,2188274.52808885
2017-09-29,388.20983223,457.35775053,390.17601393,459.87406777,363.23699563,427.82838625,370.69750468,437.95929288,2366.34696421,1036363.64315286
2017-09-30,370.59796918,437.841697,378.45957348,447.12976238,364.4079948,430.52857305,364.4079948,430.52857305,3644.12714088,1568900.8579637
2017-10-01,365.40700483,431.70885001,368.10676035,434.89846689,350.12239613,413.63858485,351.31722248,414.81405419,4098.02430972,1699918.0780951
2017-10-02,350.52103538,413.8739648,365.29074024,428.90609178,346.65170584,406.88873481,354.51556281,416.07707922,4830.19932218,2009735.22602381
2017-10-03,353.7193369,415.14258893,356.80497458,417.68459233,335.07597871,393.89377237,341.06529494,400.52997814,2110.95758538,845501.79552689
2017-10-04,341.953131,401.57260829,343.14378824,403.94949832,300.42283238,353.27653474,304.5832569,358.24178639,8392.49240151,3006541.47018446
2017-10-05,303.19195772,356.60538159,315.06040056,369.85996213,294.65834803,346.41072465,302.92195907,354.82838407,7293.50911279,2587944.05265522
2017-10-06,302.82299759,354.71246528,318.64749374,373.81776195,302.76782859,354.51911022,310.31026139,364.0840139,3413.26393764,1242714.83492615
2017-10-07,308.31999152,361.74884962,310.50996038,364.31831879,300.38255411,352.34870249,305.33744976,358.16079454,1797.23993882,643700.88446568
2017-10-08,305.33851547,358.16204462,307.32070466,360.59458858,284.25374835,333.74710973,287.02464017,336.99571239,4844.40597138,1632544.04141246
2017-10-09,289.1039234,339.43699942,289.1039234,339.4771527,245.62447781,288.71929761,265.00512469,311.19045625,12142.5626265,3778649.60378907
2017-10-10,264.70613079,310.83935343,296.43119257,348.97372326,259.5164949,306.33271036,269.03891538,317.89153241,7193.49547812,2286751.30090389
2017-10-11,268.04519711,316.71737281,270.70822181,320.17494647,259.94905316,308.47603521,264.52378485,313.73835133,3964.52271209,1243822.8194923
2017-10-12,264.52379775,313.73836663,276.47350801,327.72707263,255.19651736,302.030946,257.08403579,304.23822207,7757.24324121,2360049.89183731
2017-10-13,259.26352129,306.81746738,269.29719779,318.32384474,249.1366559,295.20449875,267.00383728,315.61296865,9138.57403502,2884252.48042362
2017-10-14,267.10205942,315.72907253,272.81838184,322.48607462,264.10755778,312.18940972,268.78315928,317.70871245,3669.16918029,1165727.01603744
2017-10-15,269.17677303,318.17397418,269.96242316,319.13658365,260.02712805,307.39119257,263.11774958,310.66246525,2527.58281979,785225.10992275
2017-10-16,263.11772213,310.66243284,268.19630026,316.81954653,261.02723482,307.72985648,264.24214496,311.6055681,3006.24413995,936762.41306934
2017-10-17,264.24215697,311.60558227,335.9786472,395.12024556,261.15272055,307.54315521,316.80798869,372.85389473,21679.93967835,8083449.94665337
2017-10-18,315.41747442,371.21738719,329.80135608,387.94363204,265.24365012,312.04988461,290.18834762,342.41927114,9852.44694445,3373667.70164612
2017-10-19,289.2978309,341.36847056,291.72441309,344.2273446,274.71120709,324.46614338,280.39381898,332.24693338,3200.95926871,1063508.90088861
2017-10-20,280.39356345,332.24663059,283.21801603,334.75367979,271.4587846,320.37036968,276.21530732,325.396748,3837.97719588,1248865.29842948
2017-10-21,276.21512099,325.39652849,281.45367474,331.57522684,269.36560633,317.32742538,281.3399221,331.57522684,462.76729803,153442.17181784
2017-10-22,281.3399221,331.57522684,295.68090251,348.47484091,277.04100357,326.39522564,277.89282518,326.92696621,433.85559555,141839.0936271
2017-10-23,277.8907493,326.92452404,281.23139762,331.00766885,263.52509135,309.72234754,267.50281779,314.45800095,3161.93581138,994296.01436642
2017-10-24,267.26513069,314.17859227,285.90798433,336.21281869,262.55671978,308.75585895,275.93006422,324.59267319,3957.05721903,1284431.78068406
2017-10-25,275.93047224,324.59315317,283.32250095,333.85369456,272.58991099,320.56842553,281.14616644,332.21647651,2760.56863821,917106.38615722
2017-10-26,281.14741455,332.21795134,298.85023373,353.10102892,278.94319764,329.79571869,287.99855168,335.16692873,3928.12908097,1316578.95970772
2017-10-27,287.99702769,335.16515514,318.41668993,369.64977975,287.99475129,334.98980041,315.20487602,365.92118655,7311.95440565,2675599.03213776
2017-10-28,314.09293347,364.63033299,360.64054659,418.66743432,314.09293347,364.63033299,360.64054659,418.66743432,12949.78165043,5421651.85861462
2017-10-29,359.59069394,417.44866089,437.67430873,508.06109249,343.31860927,398.55840575,378.38550131,439.20024109,33344.09924238,14644736.42627228
2017-10-30,381.33713965,442.6262716,406.94980411,473.66284793,360.62282387,418.71491205,384.18038036,447.47635879,15932.51060758,7129421.8330779
2017-10-31,379.71868628,442.27957436,390.1038984,453.8007303,366.90592649,427.044463,377.44716012,439.82488454,6097.5473039,2681853.03891688
2017-11-01,371.88536071,433.34393028,461.39735657,536.4031447,371.88536071,433.32239325,461.39735657,536.4031447,16089.72370311,8630578.39169302
2017-11-02,455.90017864,530.0123332,506.79016303,590.82083841,429.47420314,500.80016598,492.26349921,573.70827307,14603.63603449,8378226.80987983
2017-11-03,488.98370278,569.8858358,589.08402234,683.86176561,485.43476637,565.95689225,550.7993115,639.3402663,26595.07378089,17003301.5533414
2017-11-04,541.13146682,628.1183162,553.53801967,642.51922164,502.08908887,582.79987843,529.74649631,614.89393379,16096.62532272,9897717.26549686
2017-11-05,529.7438908,614.89090949,543.21375614,630.99456506,490.46506315,569.89735673,534.37090845,620.79919288,14861.0177534,9225707.82667351
2017-11-06,534.65252562,621.12635836,556.84836271,645.12912202,512.17041598,594.64189504,519.96036564,603.66378198,9763.3407113,5893775.17855942
2017-11-07,513.60995609,596.29108111,536.01696657,620.2866265,510.34853868,592.63399033,527.76499283,612.45957803,5857.54709776,3587510.82380507
2017-11-08,527.25651133,611.86949653,563.05189157,652.98185918,507.61662896,588.38070666,541.09926622,627.3854724,15732.16334899,9870130.73453968
2017-11-09,540.15875899,626.29498751,587.58612225,684.04701159,536.7257958,622.60623156,575.85838301,670.55948779,11825.05232176,7929401.02798194
2017-11-10,576.04153562,670.77276023,882.79842046,1029.95655281,576.0241566,670.77276023,819.74255816,956.31148932,52604.03882842,50305846.71637866
2017-11-11,837.81917439,977.39966587,1196.15291518,1395.43172963,770.59925226,898.9809194,1131.47757072,1319.9814869,40025.36911731,52832746.24112517
2017-11-12,1131.4721314,1319.97514139,2190.50997968,2555.44846391,1012.35692933,1180.89414116,1361.01727096,1587.29211048,67614.18306401,107323459.33375467
2017-11-13,1349.42252608,1573.76969054,1349.42252608,1573.76969054,780.81058708,909.69742843,1177.9381512,1374.07659211,33109.7886035,45495385.48968814
2017-11-14,1167.49814356,1361.89821916,1192.55803059,1398.13243285,1026.30426866,1197.85508461,1091.73994669,1287.69492134,11388.81022243,14665313.08357684
2017-11-15,1086.99474787,1282.098013,1144.66312942,1349.94366238,1009.72445009,1190.60328188,1032.96549604,1216.7035491,10884.4680293,13243170.88134006
2017-11-16,1022.94702476,1204.90304888,1029.15398115,1213.001312,760.60399411,894.98827333,773.19246635,909.80088951,20447.13427647,18602820.95275188
2017-11-17,769.34520507,905.27389024,1063.08112027,1253.09698828,731.89500499,862.88327475,997.33317177,1175.9548308,21002.59528251,24698103.38177468
2017-11-18,1013.38960931,1194.88696483,1163.31292499,1371.66143932,1013.38960931,1194.88696483,1044.36734929,1231.41279593,16225.49297118,19980279.66500896
2017-11-19,1046.39616821,1233.80497487,1057.29661774,1246.65768713,955.85079037,1127.08949776,994.1433599,1167.13082179,10043.71617194,11722330.70953342
2017-11-20,993.92749524,1166.87739526,1030.50998025,1209.35977929,990.23181,1161.91524463,1030.50998025,1209.35977929,5311.12677807,6423063.1081172
2017-11-21,1040.12455678,1220.64301029,1040.12455678,1220.64301029,990.25792958,1162.43555983,1002.93118948,1177.19073381,5260.73238532,6192885.41704533
2017-11-22,1002.92764959,1177.18657886,1149.1402474,1350.33313248,1000.48829029,1174.46604612,1105.89183968,1306.79759517,10380.69496794,13565467.22025595
2017-11-23,1095.32323754,1294.30901051,1387.88412844,1641.55725402,1094.86579763,1293.56516897,1356.39544541,1607.12836265,18537.53477347,29792197.90813288
2017-11-24,1374.62093142,1628.72287301,1482.38878961,1755.59230918,1300.11131357,1540.35602111,1398.67421701,1668.81338346,12609.78653412,21043380.53067054
2017-11-25,1401.9248592,1672.69185289,1401.9248592,1672.69185289,1290.87960378,1540.25451026,1305.02571498,1557.13339775,7681.04264056,11960408.02512631
2017-11-26,1297.95111495,1548.69211122,1419.1619145,1692.42207518,1278.6788644,1525.67132008,1414.92327193,1687.36728039,6099.99120017,10292925.56184942
2017-11-27,1411.85069849,1683.70308177,1417.45143771,1690.73509562,1330.70068602,1583.73761172,1334.35251217,1588.08384411,6229.50148879,9892970.67122875
2017-11-28,1333.2201485,1586.73615793,1334.78247348,1587.61679922,1232.27008316,1460.36093722,1237.44931847,1466.49883916,7566.63799708,11096465.83905618
2017-11-29,1238.67321876,1467.94928107,1360.59567982,1610.52881504,1113.61825112,1319.76720892,1123.19515354,1330.99549405,14843.55770216,19756708.41730429
2017-11-30,1134.98106516,1344.96189625,1200.65912434,1424.64121638,1024.03500927,1220.16856489,1145.71764043,1363.46099841,8020.79517125,10936041.39225706
2017-12-01,1136.87765636,1352.94097752,1231.31698671,1466.06299318,1074.25987813,1279.12445005,1210.11077822,1439.18430483,7369.08158147,10605466.55308116
2017-12-02,1210.21690353,1439.31051963,1236.92003772,1471.06854733,1172.52554114,1394.48419616,1182.84359633,1406.75545541,3299.21483312,4641188.46506527
2017-12-03,1182.55842167,1406.4162973,1320.66969963,1570.47774159,1173.26473034,1395.3633136,1250.64262179,1484.77536419,6731.64064125,9994974.18473917
2017-12-04,1254.06664136,1488.8403943,1290.9345585,1532.04650549,1209.76007951,1434.352415,1281.0889936,1520.46129751,3712.30302085,5644413.06783647
2017-12-05,1282.81335551,1522.50785755,1314.82503397,1557.81818846,1242.86035077,1470.11690194,1242.86035077,1470.11690194,4380.33503273,6439604.56777049
2017-12-06,1242.51944468,1469.7136613,1263.15060801,1488.13066658,1102.81440218,1301.6952059,1141.30416304,1347.16911737,6666.92541752,8981476.03031763
2017-12-07,1136.19413414,1341.13735709,1169.90838812,1380.28606972,1042.79868788,1227.54696054,1042.79868788,1227.54696054,6997.07915954,8589243.25492344
2017-12-08,1045.92662928,1231.2290662,1240.13591277,1455.36726718,984.13259402,1157.6641321,1157.43800034,1361.6100685,9171.07856593,12487432.91434312
2017-12-09,1157.44416739,1361.61732342,1207.90999261,1421.97971858,1112.4801166,1309.84801558,1142.44801127,1345.13258992,3786.69879965,5093611.96361052
2017-12-10,1136.22310797,1337.80331085,1143.81470701,1346.7417546,1023.67405129,1205.17312372,1068.2461094,1257.1979294,3669.6762137,4613509.33742466
2017-12-11,1062.97281204,1250.99188899,1182.37116075,1394.01793351,1062.97281204,1250.99188899,1145.91155203,1349.55223681,5121.64994287,6911934.13653379
2017-12-12,1145.60477276,1349.19093959,1278.55419324,1501.92321808,1136.58181951,1337.60357239,1269.92069534,1491.12980137,6499.36293871,9691393.7678271
2017-12-13,1270.46106966,1491.76430418,1351.37027569,1589.99328843,1212.69346754,1425.40527068,1305.49372359,1545.2482631,6445.3368026,9959645.49931859
2017-12-14,1300.48772208,1539.32290705,1633.88061794,1931.32836156,1286.40956297,1523.06310882,1592.34619619,1874.79095232,11821.20500105,22162288.1815097
2017-12-15,1599.80804045,1883.57635222,1601.80124007,1885.99859659,1330.7117956,1570.30593448,1508.98312411,1773.99072919,6247.33033261,11082706.09225125
2017-12-16,1499.59092734,1762.9490749,1545.71299021,1817.17109411,1468.31628528,1726.18198042,1487.20869424,1748.39227411,3236.71652243,5659050.16130324
2017-12-17,1493.43479038,1755.71179721,1552.56436284,1824.15344911,1482.04724966,1742.32437667,1500.62063901,1762.89954455,3406.51274533,6005339.76725535
2017-12-18,1498.45510959,1760.35552328,1907.00124814,2251.09190061,1458.64774243,1713.82416363,1781.58957358,2099.29721393,10712.60845266,22488949.07863477
2017-12-19,1781.56897624,2099.27294351,2404.67106812,2847.54049936,1738.53194765,2049.2083231,2337.34360793,2767.81330833,15541.41644402,43015739.26411795
2017-12-20,2323.32167236,2751.20894612,3500.84855415,4158.62194597,2323.32167236,2751.20894612,3094.32211286,3672.93411587,31668.89121266,116317750.94678587
2017-12-21,3139.41101756,3726.4542635,3139.41101756,3726.4542635,2120.67049325,2516.55774119,2448.53487214,2905.17629208,12299.3899684,35731896.14329082
2017-12-22,2457.25234239,2915.51953374,2566.16883832,3041.49343185,1456.80771254,1727.53488734,2105.86074631,2497.12828607,19640.42342775,49044656.89182569
2017-12-23,2149.2871468,2548.62328317,2776.76405995,3292.68499353,2127.13530304,2522.35564143,2452.66824886,2909.4522525,9612.25496113,27966396.84829076
2017-12-24,2526.02136358,2996.46662347,2540.71304858,3013.8944823,2144.32173819,2543.0609854,2377.68257513,2818.31482472,7401.34336716,20859315.73448877
2017-12-25,2405.07346347,2850.7817938,2458.23806243,2916.75137925,2272.94167672,2695.36780526,2347.99521758,2787.36473309,2256.56294248,6289863.96386985
2017-12-26,2338.41587817,2775.99285608,2460.03817562,2917.01479664,2298.19666839,2728.20226902,2433.30227815,2885.31243963,2848.38611389,8218483.88727203
2017-12-27,2409.44779778,2857.02675168,2427.30899075,2878.13417103,2196.27313751,2613.85472716,2296.45604211,2732.51323698,3593.07995011,9818138.52521088
2017-12-28,2294.65795869,2730.37372869,2294.65795869,2730.37372869,2004.98233316,2397.38369975,2128.77957552,2541.86884977,4702.94378334,11954266.30508275
2017-12-29,2115.24687509,2525.71013138,2475.64434374,2968.47679883,2004.24783152,2401.13072986,2249.0862789,2698.6779252,6699.62161628,18080120.96304426
2017-12-30,2240.90963686,2688.86677497,2251.89987415,2702.05395727,1845.04918779,2213.87394548,1907.67191182,2290.09485099,7906.92695933,18107612.7167151
2017-12-31,1888.74440113,2267.37302209,2174.71783621,2609.34306359,1866.38750081,2240.53432829,2075.35027353,2490.86370197,3141.41393314,7824833.93892223
2018-01-01,2060.86628707,2473.47982389,2087.07784138,2506.26283121,1959.3675342,2351.15169727,1978.43097355,2376.78772695,2342.61189693,5567891.20563122
2018-01-02,1972.0274961,2369.09491036,2263.46235474,2727.29637685,1955.60180182,2350.33886363,2122.56922198,2560.69675461,4351.59186856,11143107.17518869
2018-01-03,2123.01119593,2561.22995807,2298.65002594,2771.79552145,2102.83626204,2534.58203506,2137.29104299,2567.07296603,3159.0226876,8109441.7404188
2018-01-04,2137.15871945,2566.91403392,2137.38802304,2567.14936372,1972.33281468,2371.85237191,2018.29202742,2435.80627331,4541.76265065,11062853.95633792
2018-01-05,1991.89025749,2403.94289776,2081.37908597,2503.87854368,1924.1056559,2319.9297499,1998.26505358,2403.71389925,3805.13877809,9146464.96945238
2018-01-06,1998.43982132,2403.92412744,2184.13341342,2627.29502988,1953.19028236,2349.49343741,2108.22227598,2535.98148974,2970.71651831,7533682.1016995
2018-01-07,2100.27248472,2526.41868239,2262.31764537,2721.68336346,2056.60065388,2474.13581382,2086.68370913,2511.84635947,3045.86088291,7650734.57019249
2018-01-08,2073.44790817,2495.91375871,2073.44790817,2495.91375871,1885.30457561,2256.17184777,2033.89008268,2434.26015279,4544.79384416,11063210.55749662
2018-01-09,2033.86352352,2434.22836548,2053.88698688,2454.64730206,1952.6634304,2327.74732305,1989.02756438,2373.4534455,4944.60026889,11735778.54480248
2018-01-10,1974.85397862,2356.54048432,2449.42767219,2926.91945887,1905.59213407,2277.34339205,2405.00021281,2875.05091148,11197.34299312,32192931.17856879
2018-01-11,2372.33102186,2835.99661671,2438.32399227,2915.22229175,1985.81844609,2383.45929406,2008.70316624,2417.50290798,2512.19649338,6073242.32816453
2018-01-12,2011.96707306,2421.43106638,2173.33075302,2637.65576005,1971.06903554,2376.70624354,2135.33488857,2602.54666917,1611.87363603,4194976.36256718
2018-01-13,2144.6902543,2613.94899114,2292.90054863,2794.58773306,2113.06208311,2575.40056858,2185.71467429,2666.46823035,3342.09950794,8911602.16059145
2018-01-14,2196.61960327,2679.77172647,2237.65656919,2729.14901536,2031.396916,2477.58524228,2083.77801052,2541.66693361,4181.29155642,10627450.48872314
2018-01-15,2084.70022672,2542.79179739,2120.1547487,2588.45237558,1960.27607049,2405.45331562,1960.27607049,2405.45331562,7735.30971399,18606926.39882711
2018-01-16,1964.12498811,2410.17631957,1973.97728192,2421.46676078,1282.5839179,1572.43570955,1462.06328191,1793.31336723,24995.29710586,44824400.41772326
2018-01-17,1456.94918325,1787.04060078,1545.6115771,1894.73314789,1095.02195613,1339.80581908,1450.59447984,1767.49804112,23385.01260971,41332963.97925207
2018-01-18,1447.18706634,1763.34622835,1593.5145769,1952.05423427,1397.96999151,1702.79602126,1444.91151205,1769.04040155,15553.90998803,27515495.17084424
2018-01-19,1435.20894565,1757.16131288,1556.63041342,1905.63242892,1429.09266558,1748.41645287,1453.15352458,1775.89815094,7983.26731872,14177469.66976437
2018-01-20,1460.75196203,1785.18419731,1739.71756739,2126.10791553,1460.33539467,1784.67511056,1667.74942234,2038.15568366,9545.23470672,19454674.36941733
2018-01-21,1669.97096271,2040.87062697,1669.97096271,2040.87062697,1412.63857831,1732.73546431,1451.24702971,1777.34984772,9695.19017844,17231744.78729944
2018-01-22,1464.66527507,1793.78324317,1486.02445413,1820.30086424,1233.35638296,1511.86450225,1334.13240034,1635.00625057,10323.88497987,16879616.47224489
2018-01-23,1317.27853228,1614.35149425,1387.91054617,1704.40071493,1227.43624217,1503.63247742,1321.72650126,1625.55790344,8428.81443427,13701525.92023845
2018-01-24,1320.89687702,1624.53756962,1363.60286129,1686.28537104,1276.73207683,1571.28713432,1328.05776708,1646.23967994,6177.33673472,10169376.84903487
2018-01-25,1345.6723157,1668.07439949,1378.37483495,1710.58391614,1295.02017637,1621.21717884,1319.63742331,1635.20196986,4803.90650474,7855357.37958437
2018-01-26,1325.25492847,1642.16278754,1354.82887006,1683.28697401,1203.53068383,1497.01249925,1288.45909454,1601.51529728,6140.01545419,9833328.67539514
2018-01-27,1287.41494863,1600.2174558,1351.09682583,1679.37208393,1259.4069087,1565.40431771,1314.05980269,1633.33619551,3654.16638743,5968482.22499482
2018-01-28,1314.10965539,1633.39816089,1410.95452193,1752.60790739,1298.57029091,1614.08320551,1396.20288952,1734.28426393,5131.28009265,8899098.31849754
2018-01-29,1394.34238844,1731.97325472,1424.41037639,1770.82654926,1313.8142436,1626.81710901,1340.28297395,1659.91032674,5000.33367445,8300105.50334954
2018-01-30,1340.5660128,1660.26086399,1340.5660128,1660.26086399,1159.35016278,1437.55429534,1159.35016278,1437.55429534,7563.74263652,10873290.71597924
2018-01-31,1171.57749757,1452.7157696,1212.61081249,1509.92200485,1127.88458351,1400.57864658,1171.57133356,1454.58751771,5159.22127651,7504538.86989118
2018-02-01,1181.33666179,1466.71185375,1196.39736849,1486.20237252,934.85392831,1168.78801913,1002.59499123,1253.91928806,11875.7453413,14891226.14354592
2018-02-02,993.55877131,1242.61792454,993.55877131,1242.61792454,752.88253011,940.1653477,956.14900186,1191.12896928,17919.92166622,21344937.823785
2018-02-03,954.22794303,1188.73579748,1054.08466861,1313.65665544,855.78647914,1066.52685258,1024.65289572,1276.97720692,5483.20985098,7001934.00045594
2018-02-04,1028.22724178,1281.43174803,1036.32337109,1291.69865335,876.64157338,1090.32309318,922.08307435,1147.16199323,4873.55794283,5590760.44382462
2018-02-05,916.76865894,1140.550338,932.60236796,1160.75879523,662.96583015,822.88128817,695.63292423,861.28253241,15110.79046633,13014659.87954712
2018-02-06,696.11081705,861.87422484,789.92398332,977.72791709,603.01181064,747.02565809,782.20148971,968.47028505,16794.39067767,16264868.3268029
2018-02-07,777.71177193,962.91141266,847.79597272,1046.44723762,720.35019612,892.20381915,776.81023492,952.19270484,8366.33077057,7966359.12597845
2018-02-08,770.42424751,944.36493642,1097.06124404,1343.64083564,770.42424751,944.36493642,1041.71534301,1277.26465977,19644.52016385,25091251.36339811
2018-02-09,1050.27934113,1287.76512155,1095.20910424,1343.25447573,981.23102276,1201.69375996,1064.78318526,1304.4657159,9543.65521681,12449371.03471328
2018-02-10,1062.08989027,1301.16616062,1118.31894271,1369.43161861,977.9273189,1197.51578915,1010.01788388,1236.81212284,6864.19778179,8489723.03009499
2018-02-11,1011.41260932,1238.5200266,1055.79118286,1292.86357697,971.27365152,1189.37244485,995.90406345,1220.13124222,4029.48549221,4916501.13913343
2018-02-12,993.80233849,1217.5563152,1058.88432921,1298.72827147,993.80233849,1217.5563152,1040.38944748,1279.43530077,3519.80550863,4503363.41957809
2018-02-13,1041.78558595,1281.15222404,1049.12325542,1290.49165205,975.12386729,1201.88760795,984.30410353,1215.80265557,5075.91242281,6171307.80308584
2018-02-14,986.62765488,1218.67268313,1116.86134163,1376.25346617,985.28022039,1217.19477532,1089.71932137,1357.0804562,6267.33509824,8505277.97430541
2018-02-15,1089.66206661,1357.00915407,1121.78103673,1401.34169896,1056.77961222,1319.61036805,1098.58637288,1373.28789762,5460.19659213,7498421.89859017
2018-02-16,1096.87746469,1371.15167692,1238.69013818,1543.44548959,1087.58097222,1359.792367,1235.67865149,1533.16854287,7755.49435158,11890479.97426449
2018-02-17,1237.06674576,1534.89082113,1251.81983098,1553.19378755,1220.38745284,1514.19598499,1248.64454824,1549.25405971,4174.12350482,6466777.78558151
2018-02-18,1250.35840712,1551.38052784,1321.8123857,1640.03695656,1138.86250462,1413.04213536,1187.05422019,1473.83804934,5526.78890049,8145591.77223704
2018-02-19,1180.1193329,1465.22774278,1246.75511992,1545.98327471,1177.37303287,1461.34439922,1225.6585487,1519.9968112,3734.75059228,5676808.99090976
2018-02-20,1227.20839124,1521.91884383,1250.0386831,1547.94159005,1127.2458871,1390.20101979,1131.89133175,1395.93011755,4377.10356608,6110130.69553459
2018-02-21,1133.33074349,1397.70530404,1141.99669799,1408.92622484,1032.72996755,1270.69881799,1048.7031654,1287.86164942,4478.70257455,5767949.28493969
2018-02-22,1047.60807147,1286.51681751,1096.47375676,1345.60432366,954.00886673,1174.27103812,979.95905638,1208.43107818,5216.002297,6303179.27953098
2018-02-23,979.9667439,1208.44055799,1073.10602033,1319.83782276,935.78089181,1153.51206086,1024.34252687,1259.53561162,4899.063316,6170544.71010106
2018-02-24,1022.02874041,1256.69057067,1053.34543117,1295.03845872,925.10203507,1137.41261032,962.44449398,1183.32514976,3046.26093607,3604717.17839187
2018-02-25,959.55354833,1179.77073315,976.5973206,1200.72604485,926.21368578,1138.73598212,951.33186148,1169.32575378,2668.55968602,3120415.56637541
2018-02-26,951.77097898,1169.8654933,1025.56845911,1261.93989741,928.75684906,1144.23310651,1007.85730116,1240.63062152,3943.07971509,4891905.43762748
2018-02-27,1007.63042771,1240.3513497,1050.97266868,1296.31763282,991.7576792,1223.43006697,1012.62957869,1239.00434568,3115.04059796,3859548.83782857
2018-02-28,1009.36126729,1235.00539867,1037.2321269,1268.14946253,981.12158891,1196.40188156,981.20866433,1196.40188156,2428.91450767,2905957.88712628
2018-03-01,981.76607036,1197.08153477,1061.5882986,1296.86690659,976.85584346,1190.94775815,1049.35558455,1287.39490192,3584.09865912,4614150.34172086
2018-03-02,1044.16941866,1281.03228888,1056.10661976,1296.31828737,1019.68487698,1255.55617024,1031.1074566,1270.12614525,2396.39653995,3043725.89976525
2018-03-03,1035.36483905,1275.37042189,1046.66193427,1289.32597626,1018.33933028,1254.43689906,1032.7068598,1272.13547815,1985.25987436,2525519.51951105
2018-03-04,1032.37446981,1271.72602497,1046.84189443,1288.28760403,994.74011502,1225.36630782,1046.84189443,1288.28760403,2165.66709515,2790002.07313477
2018-03-05,1042.73531272,1283.2338721,1046.66962703,1289.19667056,1020.47422038,1259.0613006,1022.46558398,1261.28637528,2123.77951961,2678694.17217553
2018-03-06,1018.34500573,1256.20333945,1018.34500573,1256.20333945,951.60260873,1180.32476049,968.52622961,1202.64068355,3275.18069228,3938865.5465191
2018-03-07,969.98575802,1204.45301262,981.24084025,1218.69806465,851.42305693,1055.46175751,890.1317953,1104.87537274,4819.70145077,5325169.43693482
2018-03-08,891.30913957,1106.33675037,905.1092419,1121.08468918,825.97678038,1017.0775074,852.06892596,1048.72215905,5983.52612827,6275056.43999862
2018-03-09,849.64490947,1045.73869173,874.07997652,1075.77352795,768.41676319,946.33538654,866.04944178,1065.88995103,5304.86844657,5654405.96874272
2018-03-10,865.73119418,1065.49826795,886.91796969,1091.57388213,808.87241677,995.51935387,817.68382296,1006.36398798,2640.33316169,2657136.21019167
2018-03-11,817.03508518,1005.56555425,935.48059665,1151.34656392,793.40791078,976.48642025,928.84109076,1143.21295432,4393.32826399,5022509.78397447
2018-03-12,925.99892949,1139.71483649,932.68736158,1148.21260943,828.26629056,1022.09292695,856.98036253,1057.22775765,4120.30593118,4356101.80043984
2018-03-13,851.58805003,1050.57544366,886.02101812,1092.58517044,812.73166846,1002.0895082,852.90589652,1056.90820429,3821.18179489,4038638.38911057
2018-03-14,852.73165716,1056.69228949,863.77816503,1070.32259806,743.50991368,919.42769163,766.73262291,948.74568821,4823.2216645,4576010.75747183
2018-03-15,766.82857331,948.86441608,776.47206074,955.73051464,706.13413711,873.66996285,768.69068219,946.00981611,4193.77114358,3967348.668341
2018-03-16,764.50351063,940.85676107,859.53494609,1056.48095657,730.43203301,898.15204838,796.03110709,978.82104271,5760.86717395,5638858.0141419
2018-03-17,791.92938189,973.77745221,834.84151461,1026.54335308,758.39719791,932.54538602,772.94046594,950.42817559,4035.38708971,3835345.58949225
2018-03-18,772.74191254,950.18402904,772.74191254,950.18402904,693.36384419,852.59436844,758.17524382,931.36544183,5888.1932023,5484059.66341565
2018-03-19,757.36171261,930.36607543,808.84064734,997.15544801,742.05760849,911.41266408,797.73403382,984.26870095,5373.02540815,5288500.73866545
2018-03-20,801.77528227,989.25491715,874.68430167,1071.14649348,772.49260606,953.71341417,858.04281102,1051.0078528,5914.56842397,6216257.8594936
2018-03-21,860.27263075,1053.73913615,881.18798848,1080.63149924,823.582874,1010.00528318,832.20094284,1027.64454904,2950.64160583,3032210.76240963
2018-03-22,832.38079763,1027.866643,858.32852869,1061.26723273,804.41141166,990.99006642,822.93761924,1014.28314972,4104.21768736,4162838.84307279
2018-03-23,822.17787223,1013.34674996,830.99472484,1027.06693879,783.1475202,965.86027411,830.99472484,1027.06693879,3690.49132953,3790381.63246344
2018-03-24,834.95943901,1031.96712253,837.24641669,1034.79370987,798.03629971,986.08216942,798.03629971,986.08216942,2269.44060466,2237854.91480741
2018-03-25,792.06589306,978.70492161,804.20400205,993.7953005,786.93633911,972.96296644,790.05994903,976.82497741,1912.32015292,1868002.09018011
2018-03-26,790.02974259,976.78763037,791.44384839,978.81473634,715.59194245,890.76319754,740.50660839,922.24401374,4418.02023317,4074492.71261703
2018-03-27,737.24179841,918.17794406,746.4703466,929.42252318,708.31691603,878.77130784,711.04165999,882.15175346,3820.50089152,3370261.56053198
2018-03-28,710.54464748,881.53513634,724.74574534,898.57064169,688.68781292,847.68567121,700.90101726,862.73872343,2208.95858547,1905754.11014309
2018-03-29,700.9012626,862.73902542,706.06076044,869.8253975,566.61240019,697.16231885,579.69174437,713.05077945,10765.01160137,7675999.91316035
2018-03-30,574.76342909,706.98869716,625.2480246,769.46216191,545.49146016,672.45997249,564.67761865,696.22175752,8132.89919376,5662301.37041207
2018-03-31,561.80638692,692.68165971,594.46520056,732.94848785,552.57859653,681.2714558,553.72451509,682.68425321,3846.21801261,2625752.47161274
2018-04-01,553.64422702,682.58526643,565.49242019,697.27795338,511.69224929,630.93988815,522.18640773,643.02969162,5864.4895914,3771040.93346856
2018-04-02,521.49829688,642.1823396,556.08551764,685.52835214,519.29253235,639.3865991,539.0261336,662.92071115,3614.46150441,2396101.39092975
2018-04-03,541.10018467,665.47148063,588.64483051,723.4403022,538.36765397,662.38378239,577.35131584,708.43433833,5916.55366641,4191489.7818282
2018-04-04,576.37963459,707.24204458,582.25947084,714.95514592,521.93838828,640.91456322,530.96603557,652.26758633,5477.19871232,3572599.18392682
2018-04-05,531.18751439,652.53966297,535.45175976,657.78294249,505.87806195,619.70406525,523.8846771,641.76936677,3873.27700117,2485750.5283651
2018-04-06,523.5928904,641.41192214,530.16751966,648.84122935,490.23389577,601.77906068,494.0575985,607.08461146,4663.81983299,2831333.25123585
2018-04-07,493.55504242,606.46708414,535.66970432,658.21644138,493.55504242,606.46708414,526.78648469,647.30098141,2629.71686447,1702218.30721118
2018-04-08,518.25204557,636.8140935,538.91511693,662.78254717,518.24389771,636.80408163,530.31309566,650.53606339,1978.65664069,1287187.50183906
2018-04-09,535.50515626,656.90517382,552.79100921,678.94345592,513.68770637,632.98125208,518.37449545,638.81863935,3236.4425448,2067499.82279793
2018-04-10,518.05957194,638.43054347,535.1502929,660.68997762,514.5450489,633.59813927,527.77953329,652.39637433,3084.87109976,2012558.72077364
2018-04-11,527.87777067,652.51780706,536.14800563,663.21790296,524.71052525,649.00384824,536.14800563,663.21790296,3290.05989325,2182026.62301761
2018-04-12,536.34667597,663.46365922,594.38061068,732.86226411,530.90561077,656.31897924,594.38061068,732.86226411,7773.04011936,5696567.78087469
2018-04-13,595.69894003,734.48774417,636.73388722,784.41682781,586.48755824,722.94306101,601.50218212,742.22875385,8221.10887526,6101943.39576659
2018-04-14,600.40076584,740.86965182,619.68959602,764.67126854,584.04193536,720.68353327,599.171879,739.35325641,3377.74311019,2497345.36784008
2018-04-15,598.87108307,738.98208671,643.42773023,794.47292219,598.87108307,738.98208671,629.1795183,775.85010056,3813.59619405,2958778.99065083
2018-04-16,630.91642052,777.99189909,650.15803265,802.06021718,602.20131016,745.61239898,616.59442883,763.35282649,4865.64971386,3714207.46176613
2018-04-17,615.19144897,761.61591712,642.05401138,793.57335224,609.86391069,754.52526763,610.98482939,755.88027523,3311.6998808,2503248.6173858
2018-04-18,610.65783683,755.47573617,725.14734878,897.79404058,610.65783683,755.47573617,720.85457854,892.47922622,7673.2378546,6848205.38307618
2018-04-19,720.69064118,892.27625783,794.11255999,980.34109552,713.11811207,882.71066376,782.03545346,965.53666151,7533.02696984,7273413.71155404
2018-04-20,782.34953883,965.92444565,930.14534854,1145.25237607,765.13033331,944.26844411,915.28376116,1126.95387221,15694.85964038,17687382.84556935
2018-04-21,917.99852138,1130.29645258,959.32290123,1181.06724032,827.93504515,1018.89791042,937.21994682,1153.38932808,16117.03974708,18589221.64456377
2018-04-22,939.45058577,1156.13446295,1022.41551921,1256.39372207,909.30862252,1119.04026872,971.17848632,1192.65441032,10363.35242422,12359897.97441769
2018-04-23,970.99138275,1192.42463803,1185.36510623,1450.44920247,970.99138275,1192.42463803,1172.90785895,1432.29681151,25251.27192135,36167316.25960166
2018-04-24,1175.87707871,1435.92267519,1284.12468612,1567.94844115,1143.38677896,1399.1568483,1156.63984896,1415.3745657,22273.54481628,31525408.82090332
2018-04-25,1150.75979409,1408.17917111,1168.65543836,1428.38949984,1006.48750384,1228.89996378,1043.43921925,1269.97323499,26453.47687877,33595207.60852523
2018-04-26,1057.67242768,1287.29651882,1168.75509922,1414.74193915,1028.10373537,1251.26420355,1168.48814923,1414.73561577,9779.93960016,13836028.87243997
2018-04-27,1176.31692194,1424.21422588,1176.31692194,1424.21422588,1103.50600551,1338.60849222,1106.75617967,1344.32535671,7478.43532295,10053450.23314159
2018-04-28,1098.84027822,1334.71027866,1165.38682504,1415.54128005,1097.67862296,1333.29926994,1148.06068073,1394.49601682,4668.16418235,6509736.35815485
2018-04-29,1147.37044021,1393.65761371,1215.23461878,1476.08908121,1137.56357469,1381.85477025,1186.9852654,1438.80489878,6541.20126224,9411512.42004293
2018-04-30,1185.74159424,1437.29738204,1188.30068251,1440.54780609,1105.83142549,1335.61133521,1112.63810694,1344.17817415,4779.36151738,6424313.43801322
2018-05-01,1114.61267011,1346.56364405,1126.93402565,1351.32571453,1042.60644082,1259.40859236,1126.93402565,1351.32571453,6664.25387303,9005577.62674859
2018-05-02,1126.77598548,1351.13620588,1237.06361519,1484.39677456,1106.03696254,1326.23270474,1215.1761181,1452.40636397,9782.40062195,14208020.91817611
2018-05-03,1215.17638126,1452.4066785,1279.35658451,1531.72331845,1209.1115075,1448.90013278,1250.71543766,1499.46642057,9706.52293748,14554605.20520164
2018-05-04,1253.77732643,1503.13727906,1273.1617649,1523.61332292,1216.35809763,1458.3335503,1262.26250483,1510.85025086,7088.56382105,10709758.42726306
2018-05-05,1263.44494476,1512.26555842,1455.25149159,1742.1547647,1259.25925434,1507.25554552,1455.25149159,1742.1547647,10176.77502471,17729517.09859383
2018-05-06,1458.91263606,1746.53770491,1526.08432062,1826.95230747,1371.233628,1642.40249133,1462.64923777,1749.29166929,14105.47239437,24674585.35083424
2018-05-07,1463.33798574,1750.11539452,1473.52782292,1761.55006655,1319.66958446,1571.74250372,1374.97045279,1639.61007778,9251.3539838,15168613.22496268
2018-05-08,1375.96499682,1640.79604103,1414.7903648,1687.06593625,1311.46967017,1555.90707741,1353.62182244,1606.11803216,5605.6518493,9003338.51718009
2018-05-09,1346.28859145,1597.41690579,1407.60531756,1668.7832458,1238.42543648,1467.80001218,1369.58763333,1623.85200396,8351.80821081,13562100.49980367
2018-05-10,1369.10074491,1623.27472456,1399.75453647,1662.25069389,1273.93990533,1518.1946519,1273.93990533,1518.1946519,7148.2083019,10852371.61458914
2018-05-11,1275.31653321,1519.83522307,1301.0268425,1549.54799927,1108.99686115,1325.86137733,1141.24261682,1364.63304653,15155.32879035,20681462.49841382
2018-05-12,1141.97074744,1365.50370375,1257.74058795,1504.32143616,1070.96170657,1280.59512922,1225.07757766,1465.25482177,13784.23907911,20197422.77514984
2018-05-13,1218.37559834,1457.23891511,1251.22712187,1494.21484589,1181.88234234,1413.59113288,1233.54534316,1473.90189462,6895.26631393,10162946.08402769
2018-05-14,1236.28146403,1477.17114919,1240.19296589,1485.17388308,1112.77513266,1334.74927631,1192.89417203,1423.27550882,9517.0132646,13545331.89661597
2018-05-15,1186.61572913,1415.78452242,1215.85200332,1449.82817363,1115.98166485,1319.8105696,1129.35085143,1335.77007223,7544.76265275,10078068.15365025
2018-05-16,1130.39168902,1337.00115086,1146.59734203,1355.30799704,1045.88752419,1237.15400816,1083.25921052,1279.70703791,7401.57907515,9471852.8340801
2018-05-17,1083.97798242,1280.55615828,1132.43160035,1337.65140335,1004.38429497,1184.6669045,1022.70688297,1206.14458892,6107.2571359,7366235.14763686
2018-05-18,1017.45334758,1199.94875374,1030.75457831,1215.62064386,968.20260212,1139.14497543,1020.26983721,1202.85051722,7377.81536776,8874409.03106308
2018-05-19,1020.11318065,1202.66582645,1026.01983074,1209.11346443,980.44528158,1155.89922493,997.94511661,1176.62781688,4278.8042237,5034560.07261024
2018-05-20,999.50113739,1178.46244416,1111.60350064,1309.38727825,994.84794045,1172.74102681,1093.07411767,1285.56270742,5791.64835129,7445527.13488239
2018-05-21,1093.77245594,1286.38402192,1103.26691329,1297.99619671,1033.78965223,1216.95329224,1044.97822081,1232.49202203,4334.20958175,5341878.73130241
2018-05-22,1044.04182008,1231.38759095,1044.12109018,1231.38759095,958.98320443,1129.86380653,967.6630342,1140.05268006,5868.01273898,6689843.64969878
2018-05-23,965.61738018,1137.64259177,976.57455082,1151.06807179,833.50825424,973.8326733,855.87169843,1002.41118188,15506.97592669,15544366.06604571
2018-05-24,854.30054927,1000.57102582,920.21983212,1078.64342838,810.1291902,950.97193812,911.40438197,1068.21140729,8579.42247612,9164636.95699237
2018-05-25,917.26891771,1075.08493577,917.27843933,1075.26497099,853.91648228,995.36826666,870.34988514,1014.52387269,5614.88822286,5696438.14456998
2018-05-26,870.22792591,1014.38171084,898.12095652,1046.89523893,861.88854369,1004.66090488,867.476511,1011.17452237,2765.5534134,2796457.15188887
2018-05-27,864.6840397,1007.9194765,874.82949562,1019.74553336,842.61415332,982.19370003,851.19801698,994.96905557,3672.31573184,3653840.51545768
2018-05-28,851.21234642,994.98580531,859.41508057,1005.62254194,755.91431394,878.7136707,764.24664869,888.46570418,6952.56431691,6177114.95171085
2018-05-29,762.77587342,886.75587217,870.92586122,1004.6416564,754.25691123,877.34386938,857.68162538,989.26243223,7645.02783206,7562938.82759357
2018-05-30,856.79112529,988.2353165,886.49628855,1025.94042352,816.84445863,952.14747065,843.47499139,983.99200113,5824.34226187,5731106.19752441
2018-05-31,844.64861538,985.36114263,880.43749777,1028.72273664,837.05267375,975.51651194,851.02529962,995.59343047,4299.49498982,4280548.96622015
2018-06-01,850.71858086,995.23460779,864.1875778,1009.81856167,841.98491425,982.79943441,859.53724613,1002.9489109,3296.38565718,3306106.40476165
2018-06-02,859.27123599,1002.63851762,940.11017825,1096.87308595,857.03155144,1000.02514724,929.14022947,1084.07390363,5733.94320208,6216018.1902803
2018-06-03,928.81309053,1083.69221443,1021.27588627,1191.7844938,922.53456861,1076.36675209,999.68666145,1165.9771577,8586.17024151,10011278.37376254
2018-06-04,999.97133794,1166.30918803,1034.17047607,1207.57879037,922.45823259,1077.93530996,943.26591277,1103.54346159,8815.23892451,9727999.27746476
2018-06-05,942.48328268,1102.62784881,988.3912741,1158.16289897,899.7376792,1051.82899663,979.63946101,1148.48380806,7381.03144611,8476995.10260492
2018-06-06,979.63240629,1148.47553742,986.21326754,1156.47263885,937.33091927,1102.76690805,958.00485155,1128.71644095,5899.233608,6658561.96235293
2018-06-07,958.30303385,1129.06775781,987.05123103,1163.74160839,956.57057664,1128.70483642,968.03471952,1141.94224612,4172.81950014,4765118.8726448
2018-06-08,969.93844257,1144.1879732,974.17466139,1149.18387349,926.96631622,1087.9337266,951.0624665,1120.39967309,4843.5337946,5426693.68006038
2018-06-09,950.93211984,1120.24611814,965.38851752,1137.27648555,927.36259263,1092.01561505,927.70537351,1092.4192566,2983.58343021,3259323.9928296
2018-06-10,926.2592439,1090.716367,926.2592439,1090.716367,772.58683442,909.72303303,795.38446469,936.52539782,12758.35575119,11948524.19538975
2018-06-11,796.58287935,937.9364711,828.2591805,977.64880635,768.35197951,907.23731042,818.06010428,963.26339112,8338.41265007,8032087.64589889
2018-06-12,814.56292043,959.14546732,817.81686831,961.76975663,731.77262035,860.18741967,742.93960986,872.7108389,8792.62231751,7673416.79882753
2018-06-13,744.09964414,874.07349943,752.52688928,883.87723329,686.72079974,809.17294088,715.68953391,844.51327843,10228.41411941,8638031.54112387
2018-06-14,717.70393486,846.89027051,778.98604603,902.29660727,703.5015422,829.76232663,777.12933384,899.05774744,8527.97685138,7667143.65818021
2018-06-15,777.03703287,898.95096481,777.99676965,899.60855262,727.49782535,845.36740225,729.54762641,847.74931314,4445.07018431,3768305.19562429
2018-06-16,730.87036308,849.2863603,756.2616872,878.79159999,723.4243452,840.63393472,737.33711634,856.80086028,2281.55301731,1954836.58801582
2018-06-17,737.38393432,856.85526375,745.58357711,866.48007623,734.80848449,852.18093772,737.27982885,855.01545732,1698.58859817,1452319.50707048
2018-06-18,739.20419483,857.24712377,773.9921984,898.21851347,717.57506423,833.73425567,763.00490745,886.9447999,3924.73727516,3481025.31717396
2018-06-19,763.20495029,887.17733701,800.0221606,924.40341303,757.14313391,879.55117191,780.62702747,905.10944474,4780.11690576,4326528.95834955
2018-06-20,784.50942967,909.61095285,785.05297554,909.73908537,749.67337902,869.07089811,770.58400879,891.90028565,4245.21907262,3786312.10350017
2018-06-21,770.81978166,892.17317722,780.94171151,903.34286272,748.81808703,869.98807137,753.90113227,874.94038515,6152.61847699,5383174.37993258
2018-06-22,753.71340095,874.72251346,754.24876417,875.83941908,622.90354795,725.79094677,643.82920205,751.12342814,10895.89632134,8184162.99751823
2018-06-23,645.77868617,753.39779407,667.97503701,779.29316986,634.97410428,740.79262709,659.37686625,769.26211274,3612.20387171,2778731.58200258
2018-06-24,658.15236866,767.83355246,661.24367682,771.50753351,575.97956555,671.96664028,642.29384299,749.37154273,10052.76074171,7533252.82566475
2018-06-25,642.85261992,750.02347414,667.97867076,780.71829634,632.82883179,739.27738203,647.31523343,757.60777302,5360.11025948,4060861.19683664
2018-06-26,647.21154583,757.48641866,648.15271591,758.40421132,599.06557426,698.00417622,599.06557426,698.00417622,4340.41151774,3029625.36588613
2018-06-27,599.39178931,698.38426728,623.42347116,721.45724364,592.20351902,690.48670631,618.55352378,714.89325352,4157.89978634,2972454.50606533
2018-06-28,618.54740869,714.886186,623.43649359,720.75832839,564.5974997,652.96524523,569.74235699,658.91534775,3794.94894246,2500550.10211318
2018-06-29,570.65304981,659.96857728,629.89804123,737.07630704,559.68151616,652.04803221,612.72084597,716.97638163,5306.93965586,3804950.39196769
2018-06-30,612.59179458,716.82537191,657.85220568,769.786922,612.59179458,716.82537191,639.7755482,748.71333903,4192.46929086,3138957.68153276
2018-07-01,640.64601933,749.73202964,642.8320025,752.29023113,614.48297436,719.16036066,633.77919167,739.70925562,2544.90087449,1882486.73150484
2018-07-02,633.19359657,739.02578396,684.55889089,794.45783166,620.50045279,722.45975278,671.23806965,781.4316544,4293.80726618,3355316.91568426
2018-07-03,671.34140905,781.55195848,712.05902797,828.4235406,647.32537665,754.81037389,649.11698469,756.67095023,5396.78512164,4083590.52618706
2018-07-04,649.11447957,756.66803003,693.58730672,807.52975517,634.85612251,740.91862346,653.34831467,761.9151246,5066.98266511,3860610.72864914
2018-07-05,652.85032312,761.33438186,672.32730004,783.88969797,616.38115612,720.079015,630.39102494,737.14770403,4965.71703148,3660466.90861307
2018-07-06,634.24212789,741.65099101,635.73470107,743.30767431,599.72189924,702.04988181,624.85616751,734.42503909,4050.90225452,2975084.04661538
2018-07-07,623.63313802,732.98755071,655.66987171,770.64194322,608.72409157,715.46419479,655.66987171,770.64194322,2745.31538372,2115655.18205677
2018-07-08,655.37961011,770.30078409,664.78668407,781.35739362,636.02554116,747.03493206,641.57474294,753.55266965,2966.20097204,2235188.66120708
2018-07-09,641.43990786,753.39430099,645.95403557,758.96423564,626.66236567,736.70121623,626.72195598,736.77127031,2904.35669302,2139846.57015847
2018-07-10,625.70135727,735.57145945,631.12733824,742.05140901,589.79613338,692.1831767,591.66252615,693.82881987,5716.60513288,3966345.39302511
2018-07-11,590.74009621,692.74710784,620.89195148,725.046303,590.55855994,692.6065106,620.62251486,724.73166851,2641.96434867,1914715.2305429
2018-07-12,621.9592159,726.29260056,622.27726427,726.52401571,581.50019549,678.23241552,590.98844557,689.2990305,3626.75060905,2499915.67866918
2018-07-13,594.47221665,693.36232488,621.07334795,725.15989925,594.47221665,693.36232488,603.51999484,706.00758607,3390.26622352,2393553.67261619
2018-07-14,606.32927735,709.29393082,635.4652017,743.49502948,604.31613961,706.93892927,628.15716512,734.94461813,1825.33235502,1341518.19062694
2018-07-15,628.63874084,735.50806229,634.06226152,741.81887068,621.5346227,726.6861016,625.12111911,730.24585138,3361.04607302,2454389.95113517
2018-07-16,626.06978688,731.35405375,695.40396925,814.38763089,622.18995017,727.02218748,693.11468759,811.5688409,12925.22263557,10489707.95274249
2018-07-17,690.24166924,808.20482018,748.75750476,873.40863889,671.87438247,788.16404675,738.27934667,860.32405708,10874.32789156,9355445.88967207
2018-07-18,739.23655294,861.4394988,766.71011533,893.61715569,705.20325944,821.0329453,721.07523537,839.66048578,9039.773898,7590340.94249908
2018-07-19,719.31068998,837.60575006,733.91500802,850.86761219,704.45946497,817.7523048,720.0928708,838.8418379,5859.51411222,4915205.58710769
2018-07-20,719.17038121,837.76722253,719.17038121,837.76722253,660.5639656,774.94144873,660.5639656,774.94144873,8498.68569829,6585983.80731722
2018-07-21,660.74086145,775.14897431,696.40570937,816.81387654,644.68824713,756.31682959,694.93719608,815.0914581,3217.11878714,2622246.0430779
2018-07-22,692.72829711,812.50064171,717.58800401,841.76520741,670.39761557,786.64115187,686.70468553,806.08791843,5214.25321077,4203146.51683193
2018-07-23,686.26185131,805.56809772,715.99058447,839.40887073,655.94829113,767.06269142,664.3993561,776.69918437,9812.87636463,7621653.06875042
2018-07-24,664.04682317,776.28706471,751.03012507,879.6869858,661.24230011,772.80614011,746.53332113,872.21210823,9768.49504268,8520199.65544201
2018-07-25,745.4919008,870.99536492,751.76441692,878.41314589,706.15688945,824.22939937,712.7433115,836.44028271,5389.95656008,4508376.78892622
2018-07-26,708.76949801,831.77681183,733.73490737,860.30263034,680.63406519,792.36183861,691.76984167,805.25433512,4402.2939868,3544966.31736098
2018-07-27,690.95158682,804.30184597,709.90618945,828.63751592,673.39295504,783.74960142,701.17936106,818.45113143,4416.65283879,3614814.51302339
2018-07-28,703.76262056,821.46643932,708.3771912,826.85279376,687.65980015,802.67043316,699.55896861,816.52541824,1500.90251052,1225525.05014657
2018-07-29,703.82699996,821.5070656,718.10092848,837.38268067,697.07224437,813.661851,711.31509118,829.42911485,1508.01312329,1250789.99003941
2018-07-30,711.19174541,829.28528749,713.44734668,831.92222228,673.28172508,788.51535976,694.63884884,813.36110212,3938.69238811,3203579.18168583
2018-07-31,695.41944617,814.27511304,695.41944617,814.27511304,651.36322624,761.36439227,661.80198321,773.45121266,4582.09451069,3544026.55580061
2018-08-01,662.92981134,774.76931091,663.1848947,775.35286807,631.10626583,737.7278603,657.8789892,767.41523541,6079.05212251,4665157.21566554
2018-08-02,658.51388988,768.15584647,662.86936432,773.07147635,624.29867051,724.30825747,632.52028834,732.93281723,2496.91115056,1830068.12396038
2018-08-03,632.5238329,732.9369245,663.44829541,767.82309575,606.12111712,702.58538835,626.07509996,725.02675092,3562.27092577,2582741.7152141
2018-08-04,625.8775025,724.79792304,635.24276945,735.64337763,596.0392014,690.24365551,600.9225516,695.89882296,3288.14846933,2288218.64951702
2018-08-05,602.07776509,697.23661883,617.94120422,714.95155016,595.13231928,689.19343996,611.67306784,707.30821105,3234.98187509,2288129.24285792
2018-08-06,612.38043659,708.12617698,619.36045218,716.35490653,591.31687792,683.08844422,598.19824945,691.35885518,3322.99491189,2297381.95806394
2018-08-07,598.55631254,691.77268136,613.85698831,712.00525629,560.48595066,650.0558455,567.74495518,658.84702797,5452.52834283,3592382.0936195
2018-08-08,567.00777742,657.99156043,567.00777742,657.99156043,494.17961491,572.97648742,503.56935112,584.82017209,11727.81481115,6858662.67605163
2018-08-09,504.97857813,586.45677761,538.29697325,620.98946564,501.05880528,580.81989774,530.38816473,611.03360152,6099.48714109,3726991.59525606
2018-08-10,530.47873031,611.13793759,532.03870536,613.12935438,492.43888706,562.43698161,500.31042101,571.42742065,6014.61888255,3436918.15426017
2018-08-11,500.68473317,571.85493969,512.66018922,585.53265591,479.47536923,547.63075482,496.31102508,566.85952759,4632.6459903,2626059.51753869
2018-08-12,495.96516414,566.46450398,510.78082146,581.20482943,489.81777634,559.44329114,501.82448698,572.33240532,3832.06200931,2193213.26713054
2018-08-13,501.99076927,572.5220508,518.77218284,590.55805816,460.91210771,525.69149337,468.59047797,534.46731593,5709.32631397,3051448.31079682
2018-08-14,468.17101445,533.98888209,468.17101445,533.98888209,418.25309184,477.13487541,444.89492334,504.8447302,9032.38472393,4559951.82905235
2018-08-15,450.09742923,510.74827629,476.20079733,540.25689653,447.18739931,507.04356792,451.66976169,512.39700515,7785.09439755,3989059.05411598
2018-08-16,451.43327937,512.12872765,473.73164281,538.65889241,444.84658904,504.87696506,454.28730375,516.71764652,4433.81060971,2291028.18335181
2018-08-17,454.63394712,517.11192728,522.30025072,598.05942888,454.41436092,516.76576822,522.30025072,598.05942888,5735.84188795,3430374.32363538
2018-08-18,525.96575173,602.25660748,533.12952068,610.45947463,469.8689614,538.02302854,486.58818699,557.16736266,5453.17955893,3038333.67294308
2018-08-19,486.83458689,557.44950263,509.59909477,583.4157758,477.70031688,546.99031503,499.56913117,571.33118461,3985.02656161,2276769.94614118
2018-08-20,499.74073769,571.52744205,504.69504269,577.01524891,445.022841,511.41175841,449.0072253,515.83344856,6036.697765,3113930.62602036
2018-08-21,448.39175408,515.12637611,469.15860356,541.09439834,448.14327728,514.99888791,463.97439342,536.95768149,4221.42763652,2266727.99627073
2018-08-22,463.87297682,536.84031203,492.9961173,570.71031107,441.18856444,511.54729029,447.02933709,518.26003247,5472.89563246,2836383.06817373
2018-08-23,447.28773292,518.5596017,461.72260737,532.99342174,443.76679133,513.66534402,459.67107154,530.60990105,2692.34999708,1428587.56552928
2018-08-24,459.52583299,530.44224852,464.08013227,537.4408017,449.62991611,522.20309063,460.09535685,534.99460099,2154.71297894,1152759.81041045
2018-08-25,460.16419194,535.07464179,466.14381632,542.0276934,454.01476844,527.92414935,460.94863549,535.98678546,1169.3851994,626775.01398591
2018-08-26,459.92392826,534.79526542,462.05654281,537.27504978,444.71573855,517.11132389,450.50406108,524.06008673,1429.07897754,748923.25291757
2018-08-27,450.00574359,523.48040648,471.57855549,550.74610512,447.76048442,520.90127412,469.46102798,548.27309184,3846.30113338,2108823.41454613
2018-08-28,469.02314238,547.76169499,489.90187925,572.82051254,464.58449497,542.31442092,484.5038412,566.5545352,4320.52988982,2447815.80356375
2018-08-29,484.94386169,567.06907313,488.26666456,569.24122945,467.04112345,546.37281742,474.65011914,555.81526673,2951.71116147,1640606.12651323
2018-08-30,474.62607211,555.78710766,476.50230923,557.77647755,450.68745046,526.73232261,461.59158815,538.44427846,2945.78803404,1586142.71249537
2018-08-31,461.83638456,538.72983224,470.3596734,545.86098082,457.77623562,534.08838656,467.99324996,543.41993726,2503.56118536,1360485.06226471
2018-09-01,467.28718441,542.60007479,540.96710514,628.15502223,467.00059668,542.26729759,530.37729504,615.85844756,8086.6034718,4980203.06020398
2018-09-02,530.11278192,615.55130274,564.87887811,656.03493189,517.66920113,601.20689987,560.08370732,649.55692611,7214.30642823,4686102.70755209
2018-09-03,559.28158994,648.62667069,563.29427924,653.31296624,536.37174651,622.34352586,540.88410313,628.33297297,6148.37895419,3863229.22724224
2018-09-04,540.94703412,628.4060785,560.19066147,647.73945972,538.47779506,624.19580773,541.32666309,627.1350424,4853.21526532,3043621.36120072
2018-09-05,541.39260628,627.21143857,545.9948567,631.99827588,454.6408181,528.94426352,454.6408181,528.94426352,10681.33886612,5649832.91990303
2018-09-06,455.12474924,529.50728512,455.42519345,529.86669535,424.41279242,493.53997556,446.87123026,519.28922897,7404.63292021,3845146.11994493
2018-09-07,447.04379323,519.48975675,459.82111485,531.64656591,427.97728035,494.88241334,431.24169148,498.60295003,3826.9121688,1908109.69686759
2018-09-08,431.46721463,498.86370058,437.50802102,505.84809922,403.72525674,466.78836483,411.19879739,475.42929517,3685.10301944,1752005.93114425
2018-09-09,411.39708671,475.65855788,426.55206378,493.58597505,402.37680368,465.30190708,414.8674099,479.52458713,3389.43117836,1625315.58640035
2018-09-10,415.2224247,479.93493106,444.26885499,513.23774288,397.66077756,461.01962693,400.42828765,464.3330527,4412.11894235,2048692.65736693
2018-09-11,402.43769567,466.66314423,411.53810817,476.92887194,369.59111596,428.38031717,378.69219646,439.31503546,6540.44487927,2873315.7740772
2018-09-12,378.68019371,439.30111126,379.05260796,439.54141896,355.33064271,411.74030873,372.08406055,432.71525692,6502.23238813,2813615.15840485
2018-09-13,371.6383689,432.19693969,417.41579806,487.91115311,371.6383689,432.07223118,397.24915855,464.49177483,7030.23398145,3265485.85951279
2018-09-14,396.35364668,463.4446791,405.19446984,473.77202257,378.13380678,441.18949125,386.15990001,449.08580268,4396.95129954,1974608.40371651
2018-09-15,386.06442665,448.97477165,395.94144258,460.46127667,384.35159371,446.9828275,387.64124555,450.80853788,2626.82164741,1184193.62613821
2018-09-16,387.56836208,450.72377783,390.44510297,454.22301003,370.29573384,430.63652351,387.3042863,450.16956583,3891.80620744,1751972.71068298
2018-09-17,387.18189988,450.02731426,395.997673,460.48115097,351.49310611,410.66692461,359.437711,419.38453667,6229.47490957,2612545.44865847
2018-09-18,359.62805246,419.60662318,381.17504096,445.353903,354.42904929,414.07778194,373.87868006,436.70885668,4903.52777386,2141414.00784531
2018-09-19,372.94120094,435.61383454,376.40653453,439.07633955,353.29145458,412.43168338,367.62597646,429.11117053,5262.59164746,2258236.86186464
2018-09-20,370.67224548,432.66692597,394.39906022,464.54268257,361.56685825,425.0426382,387.75146312,456.68215409,6319.04202287,2885793.72279842
2018-09-21,387.37591161,456.23984068,434.27791815,510.2650601,382.19596821,450.32946532,427.60701095,502.77132387,12088.39005518,6077695.87147606
2018-09-22,427.16204395,502.24814104,432.90238176,508.99750942,400.90086746,471.37080242,412.66582218,485.20378858,4655.42687261,2258830.75602854
2018-09-23,412.75985087,485.31434552,453.71866177,534.00340346,408.2032657,479.95680859,419.52103434,492.83230367,3386.47199278,1668962.79352357
2018-09-24,417.54085011,490.5060824,418.00771262,490.75262513,389.94984506,458.18720771,393.6359701,462.58033026,4541.66720722,2100885.916642
2018-09-25,393.31887855,462.20770091,393.31887855,462.20770091,364.02453059,428.20773097,379.51424203,446.44742591,5331.33813925,2380162.18893332
2018-09-26,379.02423869,445.87100293,465.51780379,546.48310051,369.39550024,434.64583726,438.16995613,514.81148657,20005.89388899,10299263.9730765
